,ItemName,StoreName,ItemUrl,ItemPrice,PointRate
1,【公式】iFace 透明 クリアケース iPhone8 iPhoneSE 第2世代 se2 iPhone11 11pro 11promax ケース XR XS X XSMax 6s 8Plus 7 Reflection 強化ガラス【 iphoneXS Max iphoneXR iphone 7 8 se2 クリア スマホケース アイフェイス iphoneケース カバー ガラス 耐衝撃 】,Hamee（ハミィ）,https://item.rakuten.co.jp/keitai/41-907/,3520,1
2,【公式】iPhone 11 8 7 11 Pro XR 11 Pro Max 8 Plus 7 Plus XS X iFace First Class Cafe ケース【 耐衝撃 iphoneケース アイフェイス iphone11 iphone8 iphoneSE 第2世代 se2 iphone7 ベージュ かわいい 大人可愛い カフェ スマホケース スマホカバー アイフォン11 】,Hamee（ハミィ）,https://item.rakuten.co.jp/keitai/41-9163/,3300,1
3,【楽天年間ランキング1位】Lightning ケーブル 認証品 充電 iPhone 充電器 ライトニングケーブル 1m 1.5m 2m 15cm 50cm 純正品質 MFi 11 X 8 7 iPad apple アップル 断線 丈夫 細い 【メール便専用】長期保証 ポイント消化 年間ランキング2019 集計期間2018/9/25~2019/9/24,ハンファダイレクト楽天市場店,https://item.rakuten.co.jp/hanwha/uma-usbltn10cw/,1080,1
4,【楽天1位】着後レビューでイヤホン！ ワイヤレスイヤホン bluetooth イヤホン ブルートゥースイヤホン カナル型 ワイヤレス 完全ワイヤレスイヤホン 高音質 ブルートゥース イヤホン 防水 通話 音量調整 Siri対応 両耳 片耳 マイク内蔵 iPhone Android 対応 プレゼント,Lazo,https://item.rakuten.co.jp/lazo/g10/,4980,1
5,【送料無料】【楽天1位】iphone se se2 ガラスフィルム 2020 ブルーライトカット 11 Pro Max 全面保護 フィルム 強化ガラスフィルム 強化ガラス保護フィルム 液晶保護フィルム 3D フルカバー iphonexs iphonexsmax iphonexr iPhoneSE,ホビナビ,https://item.rakuten.co.jp/hobinavi/rh-9h-film-cl/,1000,5
6,【楽天1位獲得】iPhone SE2 ガラスフィルム 全面保護 iPhone8 iPhone7 保護フィルム iPhone11Pro iPhone11 iPhone11ProMax iPhoneXR iPhoneXS ガラスフィルム iPhone 11 Pro Max XS 8 7 6s Plus SE(第二世代) 2020 Rakuten Mini 強化 ガラス フィルム 9H 3D 全面 フルカバー,保護フィルムのColorful,https://item.rakuten.co.jp/colorful999/9hbhm/,698,1
7,【楽天1位獲得】2点セット iPhone SE2 SE 2020 iPhone 11 iPhone 11 Pro ガラスフィルム ブルーライトカット 覗き見防止 9D iPhone 11 Pro Max iPhone XR iPhone XS X XS Max 液晶保護フィルム 目に優しい アイフォン 8 7 Plus 日本旭硝子 強化ガラス 指紋防止 送料無料,Lively life,https://item.rakuten.co.jp/livelylife/g301310/,1180,1
8,【楽天ランキング1位】iphone 充電 ケーブル 純正品質 アイフォン 充電ケーブル iphone充電ケーブル ライトニングケーブル USBケーブル 充電器 apple認証 アップル mfi認証 1m 2m 15cm 50cm MFi iPhone 11 Pro Max X XS XR 8 7 6 Plus iPad 対応 送料無料,EZVIZ,https://item.rakuten.co.jp/ezviz/001-mfi/,1080,1
9,【楽天1位】充電 ケーブル lightning 認証 急速 ライトニングケーブル apple認証 15cm 20cm 50cm 1m 1.5m 2m lightningケーブル mfi認証 短い 純正 iphone純正ケーブル 充電ケーブル アイフォン ipad アップル 防止,ホビナビ,https://item.rakuten.co.jp/hobinavi/code-mf-100/,1000,1
10,【新型 第3世代】Google Chromecast チャコールグレー グーグル クロームキャスト 3　Chromecast3 iPhone iPad Android 搭載のスマートフォンやタブレットからテレビにエンターテイメントをストリーミング！ 　GA00439-JP,TRYX3楽天市場店,https://item.rakuten.co.jp/try3/0842776106230/,5980,1
11,【本革の魅力 職人技 圧倒的な高評価】 iphone11 ケース 手帳型 xperia iphoneSE 第2世代 SE2 iphone8 ケース iphone11 pro 11pro max xr xs x 8plus 7 アイフォン8 galaxy s20 a20 s10 xperia 10 II 5 1 xz1 aquos sense3 スマホケース アイフォン カバー おしゃれ レザー,スマホケースのニードネットワーク,https://item.rakuten.co.jp/neednetwork/c166/,3698,1
12,【公式】保証付き iphone11 ケース iPhone 11 Pro iphone11 Pro Max カバー iFace First Class Standard pastel sense Metallic【 アイフェイス 新型iphone 2019 iphoneケース 5.8インチ 6.5インチ 6.1インチ アイ フィエス iphoneイレブン 携帯ケース スマホケース 韓国 】,Hamee（ハミィ）,https://item.rakuten.co.jp/keitai/41-911/,3300,1
13,【NEW 待望の再入荷】10.1インチ Android9.0 32GBROM タブレットPC wi-fiモデル SIMフリー マイナーチェンジ bluetooth搭載 Teclast X10 送料無料【日本語説明書 アンドロイド wi-fi 10インチ タブレットpc PC 本体 高画質 オンライン レッスン ホワイト お祝い】,タブレット工房,https://item.rakuten.co.jp/tabletpckoubou/rt60383/,12980,1
14,【楽天1位獲得】 iPhone ガラスフィルム 保護フィルム iPhoneSE (第二世代) 11 Pro max iPhone8 iPhone7 XR XS SE X 6s 6 plus フィルム 10H ガラスザムライ アイフォン iPod touch 液晶保護フィルム iPhone SE2 2020,Bridge Store 楽天市場店,https://item.rakuten.co.jp/bridge-store/iphone-k/,1000,1
15,【公式】iFace 保証付き iphone8 iphoneSE 第2世代 se2 ケース iphone7 iphone6s iphone6 iFace First Class Standard 【 スマホケース アイフェイス アイフォン8ケース アイフォン7 アイフォン8 SE ハードケース スタンダード iphoneケース 韓国 携帯ケース 携帯カバー 】,Hamee（ハミィ）,https://item.rakuten.co.jp/keitai/41-877/,2860,1
16,iPhoneSE 第2世代 ケース 手帳型 iPhone11 ケース 手帳 iphone se ケース se2 スマホケース iPhone8 ケース iPhone7 iPhoneXR iPhone11Pro iPhone11ProMax iPhoneXS XSMax X iPhone8Plus iPhone7Plus iPhone6s Plus iPhone5 5s iphoneケース アイフォンSE カバー スマホ 携帯,HANARO-SHOP,https://item.rakuten.co.jp/hanaro/diy-pita-ip-pu/,1480,1
17,「8/14まで期間限定 20％ポイント還元」「楽天1位」「2020年最新型」モバイルバッテリー 26800mAh 大容量 急速充電 type-c 20000mAh より増量 3台同時充電 タイプc対応 スマホ充電器 バッテリー 高品質 便利 軽量 台風 地震 災害 旅行 出張 停電対策 iPhone/Android対応,Dukkore,https://item.rakuten.co.jp/dukkore/cd8k268h-1/,3379,10
18,iPhoneSE ケース 第2世代 【前後ガラス+覗き見防止】iphone11 ケース iphone11 pro ケース iphone 11 pro max iphone xr ケース iPhone XS ケース iPhone XS max ケース iphone x iphone8/7Plus ケース スマホケース 覗見防止 両面 マグネット iphoneケース 全面保護,リスカイ,https://item.rakuten.co.jp/auc-risukai/t122/,2080,1
19,【公式】iFace リング スマホリング Finger Ring Holder インナータイプ スキニータイプ 【 シンプル かわいい 可愛い アイフェイス スマホ 落下防止 タブレット スマートフォン リングホルダー ブランド おしゃれ 韓国 360度 人気 ブランド ホールドリング 携帯 リング 】,Hamee（ハミィ）,https://item.rakuten.co.jp/keitai/41-1957/,1980,1
20,iPhoneSE ケース 第2世代 正面にもガラスカバー付 iphone11 ケース iphone11 pro ケース iphone 11 pro max iphone xr ケース iPhone XS max iphone x ケース iphone8/7ケース スマホ iphone8Plus ケース クリア 前後 ガラス マグネットケース アルミ 全面保護,リスカイ,https://item.rakuten.co.jp/auc-risukai/t261-/,2080,1
21,モバイルバッテリー 感謝セール中 期間限定 ケーブル内蔵 軽量 大容量 薄型 4台同時充電可能 iPhone/Android対応 タイプC、typeC【レビューでプレゼント】 10000mAh 急速充電器 ALPHA LING w-07 スマホ,タブタブ＆景品太郎,https://item.rakuten.co.jp/tabtab/at60950/,1680,1
22,【楽天1位獲得】iPhone SE2 ガラスフィルム iPhone8 iPhone7 iPhone 11 Pro XS Max X XR SE2020 8 7 6s Plus ガラスフィルム 全面保護 ブルーライトカット 90% カット 強化ガラス 保護フィルム フィルム フルカバー 目に優しい[光沢 アンチグレア/マット],保護フィルムのColorful,https://item.rakuten.co.jp/colorful999/9hfullblue/,1380,1
23,ワイヤレスイヤホン Bluetooth 5.0 ヘッドセット 防水 防滴 自動ペアリング 自動電源ON/OFF 両耳 左右分離型 Hi-Fiステレオサウンド 電量表示 LED付き 2200mAh大容量 軽量 Siri対応 長い稼働時間 ノイズキャンセリング スマート 在宅勤務用 ゆうパケット 送料無料,愛度楽天市場店,https://item.rakuten.co.jp/aidort/slub-644a2/,2580,1
24,iPhone SE 第2世代 ケース レザー スマホケース 手帳型 全機種対応 se2 iPhone11 pro max iPhone XS MAX XR X スマホ カバー iPhone8 iPhone7 plus iphone6 xperia 8 5 1 xz3 Galaxy s20 a20 a30 S10 S9 iphoneケース AQUOS sense3 shv45 shv46 zero2 R2 R3 携帯ケース,edge tribe,https://item.rakuten.co.jp/edgetribe/lscnb-all-belt1-aquos/,2480,1
25,Holdit iPhoneケース シリコン シリコンケース iPhone iPhoneSE SE SE2 iPhone11 11 Pro Max XS X XR XSMax iPhone8 iPhone7 ケース カバー アイフォンケース アイフォンSE アイフォン11 アイフォン8 北欧 ブランド おしゃれ 第二世代 第2世代 2020,ZEROA（ゼロア）楽天市場店,https://item.rakuten.co.jp/lauda/essential_silicon/,2570,1
26,タブレット 10インチ wi-fiモデル 8コアCPU1920x1200IPSディスプレイ フルHD画質 タブレット 本体 Android 9.0 RAM3GB/ROM32GB 5GHzWi-Fiモデル Bluetooth 5.0 GPS 日本語取扱説明書付き,MOXNICE 楽天市場店,https://item.rakuten.co.jp/moxnice/qhcy-tp/,17999,20
27,【第2世代 進化版 楽天1位】QCY T1 ワイヤレスイヤホン bluetooth 5.0 完全 ワイヤレス ブルートゥース イヤホン bluetooth ヘッドセット イヤホン ワイヤレス 自動ペアリング 高音質 カナル型 両耳 片耳 マイク付き 長時間 通話 防水 スポーツ スマホ iPhone Android 対応,MiLink楽天市場店,https://item.rakuten.co.jp/milink-inc/qcy-t1_s/,3980,1
28,【楽天1位】【26800mAh大容量&LEDライト】モバイルバッテリー 大容量 軽量 26800mAh 2台同時充電 LED懐中灯付 急速充電器 Max2.1A USB充電器 スマホ 電池 バッテリー 携帯充電器 持ち運び 防災グッズ 旅行 iPhone iPad Android対応 機内持込み,夢の森,https://item.rakuten.co.jp/yumenomori/p1t05cdbhe/,3380,1
29,［日曜以外休まず発送］オシャモバ♪【名入れモバイルバッテリー 大容量 軽量 iPhone ケーブル内蔵 10000mAh 薄型 小型 薄い 軽い かわいい typec タイプc 内蔵 急速充電 同時充電 スマホ 名入れ おしゃもば】★メール便送料無料★ ケーブル内蔵バッテリー{3},La Chou Chou,https://item.rakuten.co.jp/corsage/1005-129_2/,1380,1
30,ワイヤレスヘッドセット Bluetooth5.0 イヤホン Hi-Fi高音質 バッテリー残電量表示 LED付き 長時間待機 充電ケース付き 収納ケース 軽量 ワイヤレスイヤホン 防水 防滴 自動ペアリング 自動電源ON/OFF 両耳 TWS 左右分離型 在宅勤務用 ゆうパケット 送料無料,愛度楽天市場店,https://item.rakuten.co.jp/aidort/slub-725a2/,1980,1
31,【ランキング1位受賞】スマホケース手帳型 全機種対応 本革 名入れ iPhone11ケース iPhone XS 携帯カバー Xperia iphone ケース xr ギャラクシー sov39 iphone x ケース かわいい 携帯ケース スマホカバー 手帳型 スマホケース 手帳型 iphone8ケース,amicoco,https://item.rakuten.co.jp/amicoco/c-001/,950,1
32,【50円OFFクーポン】【楽天1位獲得】【ガイド枠付き 2枚 3年保証】NIMASO iPhone ガラスフィルム 全面保護フィルム iPhone SE2 (第二世代) iPhone11 iPhone11 Pro iPhone11 Pro Max iPhone8 iPhone XR iPhone XS ブルーライトカット 覗き見防止 アンチグレア 強化ガラス,NICCOU STORE,https://item.rakuten.co.jp/niccou-store/yr-2018-3d2/,1399,1
33,スマホケース 手帳型 全機種対応 iPhone se 第2世代 iPhone se2 iPhone11 Pro Max xr ケース iphone8 7 アイフォン11 se xperia 1 10 II ケース xperia8 5 galaxy a7 a20 s20 s10 手帳型ケース おしゃれ かわいい AQUOS sense3 plus lite R5G R3 Pixel 3a カバー 携帯ケース,ケータイ屋24　楽天市場店,https://item.rakuten.co.jp/kintsu/dcase-bloomy/,2780,1
34,【楽天1位獲得】Galaxy S20 S20+ S20Ultra S8 S9 S10 S10+ S10Plus Note8 Note9 Note10+ S7edge 保護フィルム SCG01 SCG02 SCG03 SCV41 SCV42 SCV45 SC-51A SC-52A SC-03L SC-04L SC-01M TPU保護フィルム iPhone SE2 フルカバー 全面保護 フィルム 3D曲面 エッジ専用,保護フィルムのColorful,https://item.rakuten.co.jp/colorful999/tpu-yxm/,1280,1
35,【楽天1位】iPad ケース ipadケース ipadmini2ケース mini4 ipadpro12.9ケース 2018 アイパッドケース Air3 mini5 ipadPro10.5 Pro12.9 Pro11 ipad2020 iPad2018 typec オートスリープ機能付き スタンド機能付き,ホビナビ,https://item.rakuten.co.jp/hobinavi/dc001atc-2/,1980,1
36,モバイルバッテリー Anker PowerCore 10000 (10000mAh 世界最小最軽量* 大容量 コンパクト モバイルバッテリー) iPhone / iPad / Xperia / Android各種スマホ対応 【急速充電技術PowerIQ搭載 / PSE認証済】2.4A出力 充電器,アンカー・ダイレクト楽天市場店,https://item.rakuten.co.jp/anker/powercore-10000/,3099,1
37,【送料無料 本日限定!!ポイント2倍】急速充電器 Quick Charge 3.0 USB iPhone 充電器 3ポート ACアダプター Qualcomm QC3.0 Android スマホ充電器 携帯充電器 2.4A コンセント GalaxyS8 Xperia iPad アイフォン エクスペリア,町のお店 楽天市場店,https://item.rakuten.co.jp/machinoomise/quick-charge-3/,1298,1
38,「2020年最新&1年保証付き」防水ケース 2個セット スマホ防水ケース 防水スマホケース 防水等級IPX8 指紋認証/Face ID認証対応 防水携帯ケース 完全防水 タッチ可 気密性抜群 iPhone/Android対応 6.5インチ以下全機種対応 水中撮影 お風呂 海水浴 水泳など適用,SKYUNICO,https://item.rakuten.co.jp/skyudirect/fsddb0he/,1280,1
39,【背面強化ガラス】 iPhone 11 Pro Max クリアケース iPhone SE2 SE 2020 第二世代 X XR ケース iPhone8 Plus カバー ガラス iPhone Xs Max 透明ケース 背面ケース iPhone7 Plus 保護ケース iPhone 7Plus 8Plus 透明カバー 耐衝撃 軽い 落下防止 クリアカバー iPhoneケース,LOOF楽天市場店,https://item.rakuten.co.jp/loof-shop/lofglscr01/,1790,1
40,スマホケース 手帳型 全機種対応 iPhone se 第2世代 手帳型ケース iPhone se2 iPhone11 ケース iphone8 XR 7 アイフォン11 se xperia 1 10 II xperia8 5 ケース galaxy a7 a20 s20 s10 おしゃれ かわいい AQUOS sense3 plus lite R5G R3 sense2 Pixel 3a カバー 携帯ケース,ケータイ屋24　楽天市場店,https://item.rakuten.co.jp/kintsu/dcase-tricolor/,2980,1
41,【楽天4位獲得】2m×3本セット iPhone 充電 ケーブル タイプc ケーブル iPhone USB ケーブル 充電 アイフォン ケーブル iPhone 充電器 iPhone 11 iPhone 11 Pro iPhone 11 Pro Max iPhone XR iPhone 8 7 Plus iPad mini Air 超高耐久 データ転送 Switch usb type-c ケーブル,スマホサービス,https://item.rakuten.co.jp/smahoservice/c300767/,1000,1
42,急速充電器 Anker PowerCore Fusion 5000 (5000mAh モバイルバッテリー USB急速充電器 ACアダプター)iPhone / iPad / Xperia / Android他スマホ対応【急速充電技術PowerIQ搭載 / 折畳式プラグ搭載 / PSE認証済】 3A出力,アンカー・ダイレクト楽天市場店,https://item.rakuten.co.jp/anker/a1621011/,3099,1
43,iPad ケース 強化ガラスフィルムセット ipad pro 11インチ ケース ipad pro 12.9 ケース 2020 iPad 10.2インチ 第7世代 iPad 2018 ケース iPad 2017 ケース iPadmini5 iPadmini4 iPad9.7 iPad pro 10.5 ケース iPad air iPadAir2 mini iPadmini2 iPadmini3 スタンド,リスカイ,https://item.rakuten.co.jp/auc-risukai/t190-/,1699,1
44,Apple MD826AM/A Lightning - Digital AVアダプタ デジタル アップル 純正品 送料無料 【SJ02642】,THINK RICH STORE,https://item.rakuten.co.jp/thinkrich/z00700/,6580,1
45,【全13色】iPad ケース 強化ガラスフィルムセット 10.2インチ 第7世代 第6世代 第5世代 9.7インチ 10.5インチ Air3 mini4 mini5 mini2 mini3 Air Air2 Pro9.7 Pro11 2020 2018 2019 カバー アイパッド 保護フィルム ブルーライトカット,GoodHammond,https://item.rakuten.co.jp/goodhammond/ps_t_007_da/,1980,1
46,【当店限定!!クーポン配布中】ガラスフィルム 全面保護フィルム 全面 iPhoneSE2 iPhoneSE iPhone11Pro iPhone11ProMax iPhone11 iPhoneXS iPhoneXSMax iPhoneXR iPhoneX iPhone8 iPhone8Plus iPhone7 iPhone7Plus iPhone6s iPhone6sPlus 5s 5 5c,JOY-SHOP,https://item.rakuten.co.jp/auc-infuc/wms_glass-film001/,788,1
47,新品 Apple/アップル iPad 10.2インチ 第7世代 Wi-Fi 128GB 2019年秋モデル MW772J/A [スペースグレイ] アイパッド 【新品　保証未開始　未開封品】,電子問屋ワールドいち,https://item.rakuten.co.jp/auc-worldichi/10003791/,51650,1
48,送料無料 日本正規品 メーカー保証 OPPO Reno3 A 最新機種 大画面 Android Sim free スマホ新品 6GB 128GB 急速充電 大容量バッテリー 4眼カメラ 超広角 有機EL おサイフケータイ FeliCa 防水 防塵 SIMフリー スマホ アンドロイド シムフリー 本体 オッポ リノ,OPPO公式楽天市場店,https://item.rakuten.co.jp/oppo/reno3_a/,39800,1
49,お盆中も発送！【楽天1位！】 モバイルバッテリー 大容量 軽量 薄型 10000mAh スマホ充電器 アンドロイド 充電器 アイフォン 充電 バッテリー 携帯充電器 持ち運び 充電器 iPhone Android 対応 pse認証 ArjanDio 送料無料,Arjan楽天市場店,https://item.rakuten.co.jp/arjan/mb-battery/,1980,5
50,【究極のさらさら感】iPhone SE 2020 iPhone8 iPhone7 iPhone11 iPhone11 Pro iPhone11 Pro Max アンチグレア マット ガラスフィルム 全面保護 指紋防止 サラサラ 反射防止 つや消し スムースタッチ iPhoneXS iPhoneXR iPhoneXSMAX iPhone SE 第2世代 SE2020 8 7 6 6s Plus,保護フィルムのColorful,https://item.rakuten.co.jp/colorful999/9hfullms/,1180,1
51,iPhone SE 第2世代 ケース スマホケース 手帳型 全機種対応 本革 レザー se2 iPhone11 pro max iPhone XS MAX XR X カバー iPhone8 iPhone7 plus iphone6 xperia 8 5 1 xz3 xz2 Galaxy a20 a30 S10 S9 iphoneケース AQUOS sense3 shv45 shv46 R5 R3 アイフォン8 携帯ケース,edge tribe,https://item.rakuten.co.jp/edgetribe/lscnb-all-superior2bicolor/,3580,1
52,iPhone8 iPhoneSE 第2世代 ケース iphone11 iPhone 11 Pro iphone11 Pro Max iPhone XS ケース iphone xr ケース iphone8 ケース リング付 ケース iPhone7 iphone6 iphoneケース 手帳型 iphonese スマホケース iPhone 透明 クリア シリコン バンパー カバー アイフォン 手帳,carrier-city,https://item.rakuten.co.jp/carrier-city/iphone-side-diary-case-/,1580,1
53,AQUOS sense 3 lite simフリー スマホ 本体 新品 スマートフォン 本体 楽天モバイル 端末のみ 楽天モバイル対応,Rakuten Mobile スマホ専門店,https://item.rakuten.co.jp/rakutenmobile-store/aquos-sense3-lite/,25980,1
54,【リング一体型 カメラまで保護 超薄 指紋防止】iPhone11 ケース リング付き 耐衝撃 iPhone SE 第2世代 ケース 2020 第二世代 シリコンケース iPhone12 ケース iPhone SE2 XR X XS Max 7 8 Plus ケース iPhone 11 Pro Max シリコン ケース カバー カメラ レンズ 保護フィルム,QUEEN ROCK,https://item.rakuten.co.jp/qrshoji/3c-cs0025/,1980,1
55,【縁まで滑らか】iPhone 11 Pro Max ガラスフィルム iPhoneX SE 2020 XR フィルム ガラス iPhone8 保護フィルム iPhone Xs Max 全面保護 iPhone7 iPhone6 iPhone6s 7Plus 8Plus 6Plus フルカバー 気泡無し 貼りやすい 指紋防止 覗き見防止 鏡面 鏡 抗菌 ブルーライトカット,LOOF楽天市場店,https://item.rakuten.co.jp/loof-shop/3dglass/,1480,1
56,【楽天2位】【3本セット】iPhone 充電 ケーブル iPhone 充電ケーブル 母の日 プレゼント ライトニングケーブル iphone ケーブル 急速充電 lightning アイフォン USBケーブル 0.25m 1m 2m iphone11 iPhoneXS max iPhone XR iPhone8 Plus iPad Air mini等対応可,one-more,https://item.rakuten.co.jp/fukuroyuri/cable04/,1000,1
57,【楽天1位】【保護フィルム・タッチペン付き】 ipad ケース 第7世代 第6世代 木目 手帳型 ipad6 ipad7 ipad5 pro10.5 ipad air3 air2 air 1 ipad mini5 mini4 mini3 mini2 mini 1 ケース 薄型 木目調 ipad 9.7 10.5 7.9 即日発送 【ipadmini4007】,ケース盆栽のオンパレードショップ,https://item.rakuten.co.jp/onparade/ipadmini4007/,1480,1
58,【10インチ 10型】【人気】これは間違いなく買い！　大型アンドロイドタブレットPC ALPHALING A94GT【android tablet/タブレット 日本語マニュアル 送料無料 WiFiモデル オススメ 大きい パソコン 本体】,タブタブ＆景品太郎,https://item.rakuten.co.jp/tabtab/rt60290/,12800,1
59,iPhoneSE 第2世代 手帳型 本革 iPhone 11 ケース iPhoneXR iPhone XS iPhone XS Max iPhone X iPhone 8 iPhone 8 Plus 対応 手帳型ケース ハンドメイド ベルトなし iphonexr カードポケット スマホケース ギフト シュリンクカーフレザー アイフォン カバー HANATORA ハナトラ,キングモバイル,https://item.rakuten.co.jp/auc-kingmobile/ph/,6560,1
60,Galaxy A7 simフリー スマホ 本体 新品 スマートフォン 本体 楽天モバイル 端末のみ 楽天モバイル対応,Rakuten Mobile スマホ専門店,https://item.rakuten.co.jp/rakutenmobile-store/galaxy-a7/,18700,1
61,【50円OFFクーポン】【楽天1位獲得】【ガイド枠付き 2枚 3年保証】NIMASO iPhone ガラスフィルム 液晶保護フィルム iPhone SE2 (第二世代) SE2020 iPhone11 iPhone11 Pro iPhone11 Pro Max iPhone8 iPhone7 iPhone XR iPhone XS ブルーライトカット 強化ガラス さらさら,NICCOU STORE,https://item.rakuten.co.jp/niccou-store/yr-2018-n2/,1099,1
62,【Apple純正部品】iPhone 7 8 X 純正 イヤホン EarPods with Lightning Connector Apple 純正付属品 iPhone7 iPhone 7 Plus iPhone 8 iPhone 8 Plus iPhoneX iPhoneXs iPhone11 Pro Max iphoneX/Max対応,株式会社 幸成商事,https://item.rakuten.co.jp/azumakousei/133/,2650,1
63,「楽天1位」「2020年改良版」卓上 タブレット スタンド スマホ スタンド クランプ式 アーム 卓上 スタンド スマホスタンド タブレットスタンド ipad スタンド アーム スマホホルダー フレキシブルアーム付き 寝ながら 調整しやすい 360度回転 iPhone対応 android対応,Dukkore,https://item.rakuten.co.jp/dukkore/xksjzj/,2080,1
64,[ブルーライトカット/覗見防止] iPhone se ケース 第2世代 360°全面保護 両面ガラス iPhone11 ケース iPhone11 Pro ケース iPhone8 ケース iPhone Xr ケース iPhone XS iPhone7ケース iPhone X 11 pro Max Plus アイフォン カバー リング付き ブランド クリア おしゃれ,AI ネットショップ　楽天市場店,https://item.rakuten.co.jp/ai-netshop/740/,1980,1
65,背面強化ガラス iPhone8 iPhoneSE 第2世代 ケース iPhone11 ケース クリア iphone11 pro カバー iphone 11 iphone xr 強化ガラス おしゃれ クリアケース 衝撃吸収 耐衝撃 透明 耐衝撃 軽い 落下防止 クリアカバー スマホケース かわいい iPhoneケース アイフォン カバー,carrier-city,https://item.rakuten.co.jp/carrier-city/glass-side-coler-case/,1980,1
66,「楽天1位」「bluetooth5.1最新版」ワイヤレスイヤホン 5000mAh ブルートゥース イヤホン カナル型 bluetooth イヤホン 完全 bluetooth 5.1 自動ペアリング ヘッドホン スポーツ マイク付き マグネット IPX7防水 通話 iPhone/Android対応 2020,Dukkore,https://item.rakuten.co.jp/dukkore/ej0x10he-1/,4380,10
67,NEC　エヌイーシー PC-TE510KAS Androidタブレット LAVIE Tab E シルバー [10.3型ワイド /ストレージ：32GB /Wi-Fiモデル][タブレット 本体 10インチ wifi],楽天ビック（ビックカメラ×楽天）,https://item.rakuten.co.jp/biccamera/4562447049487/,26510,10
68,iPad Air 16GB 色選べる 9.7インチ Retinaディスプレイ WI-FIモデル 中古タブレット 中古iPad アイパッドエアー Mac アップル A1474 APPLE,BTOパソコン専門店のPC-MAX,https://item.rakuten.co.jp/pc-max-shop/tei-tablet-ipad-1/,22000,1
69,Xiaomi Redmi Note 9S Glacier White 4GB RAM 64GB ROM REDMI-NOTE-9S-4+64-WH,ひかりTVショッピング　楽天市場店,https://item.rakuten.co.jp/hikaritv/2010060404/,24800,1
70,AQUOS sense3 lite ケース R5G sense2 zero2 zero R3 R2 R sense3lite sense3plus sense plus senseplus androidone s7 s5 アクオス センス 手帳型ケース スマホケース 手帳 | スマホ アクオス センス3 ライト aquosr3 sh01k スマホカバー 携帯ケース 手帳型 カバー ゼロ2,HANARO-SHOP,https://item.rakuten.co.jp/hanaro/diy-pita-aquos-pu/,1480,1
71,モバイルバッテリー 大容量 10000mAh 【月間MVP受賞】【2020最新モデル】iPhone 軽量 小型 薄型 ケーブル内蔵 スマートフォン 充電器 パワーバンク テレワーク 在宅 自宅待機【メール便専用】N-[LB][W][B][P],ハンファダイレクト楽天市場店,https://item.rakuten.co.jp/hanwha/uma-bat01/,1280,1
72,bluetoothイヤホン ワイヤレスイヤホン bluetooth 4.2イヤホン ブルートゥース イヤホンマイク ワイヤレス 両耳 IPX4防水 超軽量&高音質 長時間再生 ランニング スポーツ bluetooth スマホ iphoneアイフォンアンドロイド,ホビナビ,https://item.rakuten.co.jp/hobinavi/kv001aby-etc-gm/,1980,1
73,【ランキング 1位獲得】MacLab. iPhone HDMI 変換ケーブル アイフォン テレビ 接続ケーブル iPad ライトニング 変換アダプタ 最新XR XS Max iOS13対応 iOS8以上 充電しながら使える 放熱仕様 iPod Lightning モニター ミラーリング YouTube Office プレゼン |L,ベストクリック　楽天市場店,https://item.rakuten.co.jp/bestclick/625_lh12bk_b/,2699,1
74,iPhone11 ケース クリア iPhone SE カバー 第2世代 11 se2 iphone8 iphone11pro max 7 8 iPhone XR iphone X XS iphonexs iphone7 バンパー 衝撃吸収 新型 耐衝撃 iphoneケース 強化ガラス スマホケース アイフォン アイホン iphonex iphonese iphonese2 iphonexr マット,ギフト＆プレゼント,https://item.rakuten.co.jp/gift-present/ng-ng-10110001/,1980,1
75,【あす楽】雑誌掲載【ランキング1位 】BoYata正規代理店 ノートパソコンスタンド PCスタンド 高さ/角度調整可能 姿勢改善 腰痛/猫背解消 折りたたみ式 ノートPCスタンド 滑り止め 高級 アルミ合金製 ホルダー Macbook/Macbook Air/Pro/iPad/ノートPC/タブレット,美容ベビーギフトselect shop crea,https://item.rakuten.co.jp/selectshopcrea/boyata1/,5499,1
76,iPhoneSE 第2世代 ケース シリコン iPhone11 ケース iPhone se ケース se2 スマホケース iPhone8 ケース iPhone7 Plus iPhoneXR スマホカバー iPhone11Pro iPhone11ProMax iPhoneXS XSMax X iphone6s アイフォンSE シリコンケース iphone iphone11プロ 携帯 スマホ かわいい,HANARO-SHOP,https://item.rakuten.co.jp/hanaro/tpu-silicon-iphone/,1380,1
77,「楽天1位」「2020最新型&2in1」モバイルバッテリー 6700mAh 大容量 折りたたみ式 急速充電器 2in1 type-c タイプc対応 最大5V/2.4A 急速充電 ACアダプター スマホ充電器 バッテリー 携帯充電器 折畳式プラグ搭載 コンセント 軽量 iPhone/Android対応 PSE認証済,Dukkore,https://item.rakuten.co.jp/dukkore/hkl-1/,2699,5
78,【 365日完全保証 ブルーライトカット 】 iPhone ガラスフィルム 保護フィルム iPhoneSE (第二世代) 11 Pro max iPhone8 iPhone7 XR XS SE X 6s plus 10H ガラスザムライ フィルム 液晶保護フィルム OVER`s オーバーズ iPhone SE2 2020,Bridge Store 楽天市場店,https://item.rakuten.co.jp/bridge-store/iphone-blue/,1380,1
79,iPhone SE ケース 第2世代 手帳型 KFレザー iPhone11 Pro Max iPhone 11 2020　iPhoneSE2 アイフォンSE2 iPhoneXR iPhone8 plus iPhone7 iPhone6s iPhoneXs カバー iPhoneSE アイフォンSE アイフォン8 スマホケース 携帯カバー 携帯ケース,karutz,https://item.rakuten.co.jp/karutz-shop/a051/,1380,1
80,「2020年最新 Bluetooth5.1」ワイヤレスイヤホン Bluetooth イヤホン Bluetooth5.1 3000mAh 軽型 ブルートゥース 自動ペアリング 高音質 通話 左右分離型 音量調整 IPX7防水 両耳 片耳 マイク内蔵 音量調整 iPhone/Android対応,朝廷屋,https://item.rakuten.co.jp/choutei/rjt8xk/,4379,1
81,iphone11 ケース 手帳 iphone se ケース 第2世代 手帳型 iphone8ケース iphone xr 手帳型ケース Xs アイフォン8ケース アイフォン11 pro max iphonexr 10r se2 iphoneX ケース カバー iphoneケース 薄型 おしゃれ,GALLERIES,https://item.rakuten.co.jp/galleries/10051010/,750,1
82,2020 新型対応【角割れ無し】iPad 第7世代 10.2 mini Air 2019 Pro ケース iPad 9.7 2018 第6世代 カバー Air3 mini5 Pro 11インチ 10.5 9.7 Air2 mini2 mini3 mini4 iPad2 iPad3 iPad4 アイパッド A2197 A2198 アイパッドミニ アイパッドエアー press《MS factory》,タブレットスマホケース モバスタ,https://item.rakuten.co.jp/moba-star/smart-tpu/,1510,1
83,【楽天1位 最新型】QCY T5 ワイヤレスイヤホン Bluetooth5.0 完全ワイヤレス ブルートゥース イヤホン bluetooth イヤホン ワイヤレス イヤホン ヘッドセット 両耳 片耳 タッチ型 高音質 自動ペアリング カナル型 マイク付き 通話 防水 長時間 スマホ iPhone Android 対応,MiLink楽天市場店,https://item.rakuten.co.jp/milink-inc/qcy-t5/,3980,1
84,[ネコポス送料無料] Apple Lightning Digital AVアダプタ # MD826AM/A アップル (Lightning変換アダプタ) 【KK9N0D18P】 [PSR],Premium Selection 楽天市場店,https://item.rakuten.co.jp/kitcut-ps/299250/,6380,1
85,【10枚】Clean Mask 10枚セット【送料無料】口元カバー 飛沫対策 透明マスク クリアマスク 業務用 飲食店 接客業 プラスチック 繰り返し マウスシールド 夏用マスク 通気性 涼しい ウィルス フィルター コンビニ 介護 医療 男女兼用 水洗い 衛生マスク 調理用 表情,Phone’s mart,https://item.rakuten.co.jp/aesoon/cleanmask/,1290,1
86,【公式】iFace【日本製旭硝子使用】 iphone11pro iphonexs iphone11 iphonexr ガラスフィルム iFace Round Edge Color Glass Screen Protector ラウンドエッジ 強化ガラス 液晶保護シート 【 アイフェイス 画面 アイフォン11pro アイフォン11 フィルム ガラス ベージュ】,Hamee（ハミィ）,https://item.rakuten.co.jp/keitai/41-903/,2860,1
87,【楽天1位獲得】Galaxy S9 + ガラス フィルム 全面 保護 S20 S10 Note10 Plus ギャラクシー 保護フィルム 強化 ガラスフィルム Face ID スマートフォン フルカバー Glass 湾曲 滑らか すべる 3D PEN 対応 9H 感度 良好 透明 クリア 黒 BLACK【送料無料】ポイント消化,MY WAY SMART 楽天市場店,https://item.rakuten.co.jp/mywaysmart/i6-1g0a-b9w5/,1110,1
88,スマホケース 手帳型 iphone8 iPhoneSE 第2世代 se2 ケース iphone6s iphone7 スエード 上品 スマホカバー salisty サリスティ Q 【 iphoneケース 手帳型ケース アイフォン8 アイフォン7 大人女子 大人かわいい ベルトなし おしゃれ かわいい ミラー 鏡 ダイアリーケース 】,Hamee（ハミィ）,https://item.rakuten.co.jp/keitai/276-8907/,2640,1
89,LEDリングライト 真俯瞰撮影 3色モード付き スマホスタンド 撮影照明用ライト 卓上ライト 高輝度LED 10段階調光 日本語説明書付属,ElecTown,https://item.rakuten.co.jp/ahanashop/zpstick15/,4950,1
90,自撮り棒 セルカ棒 三脚 レンズ リモコン付 Bluetooth スマホ三脚 ミニ三脚 シャッター付 スマホ 自分撮り 自撮り 三脚スタンド 三脚付きセルカ棒 無線 伸縮式 折り畳み 多機能 持ち運びに便利 360度回転 iPhone7 iPhone8 Plus iPhone 6 X Xs Max Androidズーム機能一部対応,M-Show,https://item.rakuten.co.jp/kouseisyouten/zpgyt9928/,2180,1
